,ScientificName,n,heirarchy,SpeciesID
1,,2722,0,
2,Achalarus casica,57,1,Achalarus casica
3,Achalarus jalapus,2,1,Achalarus jalapus
4,Achalarus lyciades,837,1,Achalarus lyciades
5,Achalarus tehuacana,1,1,Achalarus tehuacana
6,Achalarus toxeus,24,1,Achalarus toxeus
7,Achlyodes thraso,107,1,Achlyodes thraso
8,Adelpha,2,0,Adelpha
9,Adelpha basiloides,8,1,Adelpha basiloides
10,Adelpha bredowii,528,1,Adelpha bredowii
11,Adelpha bredowii eualia,2,2,Adelpha bredowii
12,Adelpha fessonia,12,1,Adelpha fessonia
13,Adopaeoides prittwitzi,3,1,Adopaeoides prittwitzi
14,Agathymus aryxna,13,1,Agathymus aryxna
15,Agraulis vanillae,2335,1,Agraulis vanillae
16,Agriades,1,0,Agriades
17,Agriades cassiope,4,1,Agriades cassiope
18,Agriades glandon,116,1,Agriades glandon
19,Agriades glandon franklinii,7,2,Agriades glandon
20,Agriades glandon glandon,1,2,Agriades glandon
21,Agriades glandon podarce,33,2,Agriades glandon
22,Aguna asander,5,1,Aguna asander
23,Aguna metophis,2,1,Aguna metophis
24,Amblyscirtes,25,0,Amblyscirtes
25,Amblyscirtes aenus,93,1,Amblyscirtes aenus
26,Amblyscirtes aesculapius,364,1,Amblyscirtes aesculapius
27,Amblyscirtes alternata,32,1,Amblyscirtes alternata
28,Amblyscirtes belli,92,1,Amblyscirtes belli
29,Amblyscirtes carolina,28,1,Amblyscirtes carolina
30,Amblyscirtes cassus,56,1,Amblyscirtes cassus
31,Amblyscirtes celia,166,1,Amblyscirtes celia
32,Amblyscirtes elissa,38,1,Amblyscirtes elissa
33,Amblyscirtes eos,72,1,Amblyscirtes eos
34,Amblyscirtes exoteria,60,1,Amblyscirtes exoteria
35,Amblyscirtes fimbriata,30,1,Amblyscirtes fimbriata
36,Amblyscirtes hegon,79,1,Amblyscirtes hegon
37,Amblyscirtes nereus,43,1,Amblyscirtes nereus
38,Amblyscirtes nysa,145,1,Amblyscirtes nysa
39,Amblyscirtes oslari,16,1,Amblyscirtes oslari
40,Amblyscirtes phylace,16,1,Amblyscirtes phylace
41,Amblyscirtes reversa,26,1,Amblyscirtes reversa
42,Amblyscirtes texanae,45,1,Amblyscirtes texanae
43,Amblyscirtes tolteca,23,1,Amblyscirtes tolteca
44,Amblyscirtes vialis,491,1,Amblyscirtes vialis
45,Anaea,4,0,Anaea
46,Anaea aidea,61,1,Anaea aidea
47,Anaea andria,733,1,Anaea andria
48,Anaea floridalis,17,1,Anaea floridalis
49,Anaea pithyusa,1,1,Anaea pithyusa
50,Anartia fatima,20,1,Anartia fatima
51,Anartia jatrophae,731,1,Anartia jatrophae
52,Anatrytone logan,2672,1,Anatrytone logan
53,Anatrytone mazai,1,1,Anatrytone mazai
54,Ancyloxypha arene,22,1,Ancyloxypha arene
55,Ancyloxypha numitor,3861,1,Ancyloxypha numitor
56,Anteos clorinde,23,1,Anteos clorinde
57,Anteos maerula,17,1,Anteos maerula
58,Anteros carausius,1,1,Anteros carausius
59,Anthocharis,3,0,Anthocharis
60,Anthocharis cethura,19,1,Anthocharis cethura
61,Anthocharis cethura pima,5,2,Anthocharis cethura
62,Anthocharis lanceolata,46,1,Anthocharis lanceolata
63,Anthocharis midea,51,1,Anthocharis midea
64,Anthocharis sara,142,1,Anthocharis sara
65,Anthocharis sara sara,50,2,Anthocharis sara
66,Anthocharis sara stella,56,2,Anthocharis sara
67,Apodemia hepburni,1,1,Apodemia hepburni
68,Apodemia mormo,119,1,Apodemia mormo
69,Apodemia nais,42,1,Apodemia nais
70,Apodemia palmeri,63,1,Apodemia palmeri
71,Apodemia walkeri,4,1,Apodemia walkeri
72,Appias drusilla,92,1,Appias drusilla
73,Asbolis capucinus,334,1,Asbolis capucinus
74,Ascia monuste,707,1,Ascia monuste
75,Asterocampa,83,0,Asterocampa
76,Asterocampa celtis,2686,1,Asterocampa celtis
77,Asterocampa clyton,1922,1,Asterocampa clyton
78,Asterocampa leilia,136,1,Asterocampa leilia
79,Astraptes anaphus,1,1,Astraptes anaphus
80,Astraptes fulgerator,18,1,Astraptes fulgerator
81,Astraptes gilberti,4,1,Astraptes gilberti
82,Atalopedes campestris,2436,1,Atalopedes campestris
83,Atlides halesus,374,1,Atlides halesus
84,Atlides rustan,1,1,Atlides rustan
85,Atrytone arogos,87,1,Atrytone arogos
86,Atrytonopsis cestus,1,1,Atrytonopsis cestus
87,Atrytonopsis edwardsii,38,1,Atrytonopsis edwardsii
88,Atrytonopsis hianna,60,1,Atrytonopsis hianna
89,Atrytonopsis lunus,40,1,Atrytonopsis lunus
90,Atrytonopsis pittacus,8,1,Atrytonopsis pittacus
91,Atrytonopsis python,2,1,Atrytonopsis python
92,Atrytonopsis vierecki,3,1,Atrytonopsis vierecki
93,Autochton bipunctatus,1,1,Autochton bipunctatus
94,Autochton cellus,116,1,Autochton cellus
95,Autochton cincta,4,1,Autochton cincta
96,Autochton neis,1,1,Autochton neis
97,Autochton siermadror,1,1,Autochton siermadror
98,Battus philenor,2804,1,Battus philenor
99,Battus polydamas,364,1,Battus polydamas
100,Biblis hyperia,14,1,Biblis hyperia
101,Bolla,3,0,Bolla
102,Bolla clytius,1,1,Bolla clytius
103,Boloria,168,0,Boloria
104,Boloria bellona,1568,1,Boloria bellona
105,Boloria chariclea,26,1,Boloria chariclea
106,Boloria epithore,156,1,Boloria epithore
107,Boloria eunomia,28,1,Boloria eunomia
108,Boloria freija,23,1,Boloria freija
109,Boloria frigga,14,1,Boloria frigga
110,Boloria improba,2,1,Boloria improba
111,Boloria kriemhild,14,1,Boloria kriemhild
112,Boloria montinus (formerly titania),22,3,Boloria montinus
113,Boloria napaea,3,1,Boloria napaea
114,Boloria selene,811,1,Boloria selene
115,Brephidium exile,454,1,Brephidium exile
116,Brephidium isophthalma,153,1,Brephidium isophthalma
117,Butterfly,81,0,Butterfly
118,Cabares potrillo,11,1,Cabares potrillo
119,Calephelis,12,0,Calephelis
120,Calephelis arizonensis,33,1,Calephelis arizonensis
121,Calephelis borealis,86,1,Calephelis borealis
122,Calephelis mutica,32,1,Calephelis mutica
123,Calephelis nemesis,229,1,Calephelis nemesis
124,Calephelis perditalis,94,1,Calephelis perditalis
125,Calephelis rawsoni,18,1,Calephelis rawsoni
126,Calephelis virginiensis,265,1,Calephelis virginiensis
127,Calephelis wrighti,22,1,Calephelis wrighti
128,Callophrys,17,0,Callophrys
129,Callophrys augustinus,252,1,Callophrys augustinus
130,Callophrys dumetorum,39,1,Callophrys dumetorum
131,Callophrys dumetorum affinis,17,2,Callophrys dumetorum
132,Callophrys dumetorum apama,32,2,Callophrys dumetorum
133,Callophrys dumetorum dumetorum,12,2,Callophrys dumetorum
134,Callophrys eryphon,142,1,Callophrys eryphon
135,Callophrys gryneus,473,1,Callophrys gryneus
136,Callophrys gryneus gryneus,335,2,Callophrys gryneus
137,Callophrys gryneus loki,7,2,Callophrys gryneus
138,Callophrys gryneus nelsoni,120,2,Callophrys gryneus
139,Callophrys gryneus siva,136,2,Callophrys gryneus
140,Callophrys gryneus sweadneri,1,2,Callophrys gryneus
141,Callophrys henrici,40,1,Callophrys henrici
142,Callophrys hesseli,8,1,Callophrys hesseli
143,Callophrys irus,14,1,Callophrys irus
144,Callophrys johnsoni,19,1,Callophrys johnsoni
145,Callophrys mossii,9,1,Callophrys mossii
146,Callophrys niphon,72,1,Callophrys niphon
147,Callophrys polios,24,1,Callophrys polios
148,Callophrys sheridanii,52,1,Callophrys sheridanii
149,Callophrys sheridanii lemberti,3,2,Callophrys sheridanii
150,Callophrys sheridanii sheridanii,1,2,Callophrys sheridanii
151,Callophrys spinetorum,153,1,Callophrys spinetorum
152,Callophrys xami,3,1,Callophrys xami
153,Calpodes ethlius,347,1,Calpodes ethlius
154,Calycopis,5,0,Calycopis
155,Calycopis cecrops,1748,1,Calycopis cecrops
156,Calycopis isobeon,238,1,Calycopis isobeon
157,Caria ino,54,1,Caria ino
158,Carrhenes canescens,1,1,Carrhenes canescens
159,Carterocephalus palaemon,273,1,Carterocephalus palaemon
160,Catasticta nimbice,2,1,Catasticta nimbice
161,Celastrina,39,0,Celastrina
162,Celastrina ladon,1186,1,Celastrina ladon
163,Celastrina ladon humulus,19,2,Celastrina ladon
164,Celastrina ladon ladon,135,2,Celastrina ladon
165,Celastrina ladon neglecta,3753,2,Celastrina ladon
166,Celastrina ladon serotina,1,2,Celastrina ladon
167,Celastrina neglectamajor,58,1,Celastrina neglectamajor
168,Celotes,1,0,Celotes
169,Celotes nessus,88,1,Celotes nessus
170,Cercyonis,83,0,Cercyonis
171,Cercyonis meadii,18,1,Cercyonis meadii
172,Cercyonis oetus,313,1,Cercyonis oetus
173,Cercyonis pegala,4229,1,Cercyonis pegala
174,Cercyonis sthenele,254,1,Cercyonis sthenele
175,Chioides catillus,220,1,Chioides catillus
176,Chioides zilpa,18,1,Chioides zilpa
177,Chiomara asychis,27,1,Chiomara asychis
178,Chlorostrymon maesites,3,1,Chlorostrymon maesites
179,Chlorostrymon simaethis,32,1,Chlorostrymon simaethis
180,Chlosyne,34,0,Chlosyne
181,Chlosyne acastus,62,1,Chlosyne acastus
182,Chlosyne californica,42,1,Chlosyne californica
183,Chlosyne cyneas,15,1,Chlosyne cyneas
184,Chlosyne definita,7,1,Chlosyne definita
185,Chlosyne ehrenbergii,1,1,Chlosyne ehrenbergii
186,Chlosyne fulvia,18,1,Chlosyne fulvia
187,Chlosyne gabbii,61,1,Chlosyne gabbii
188,Chlosyne gorgone,276,1,Chlosyne gorgone
189,Chlosyne harrisii,223,1,Chlosyne harrisii
190,Chlosyne hoffmanni,88,1,Chlosyne hoffmanni
191,Chlosyne janais,31,1,Chlosyne janais
192,Chlosyne lacinia,284,1,Chlosyne lacinia
193,Chlosyne leanira,71,1,Chlosyne leanira
194,Chlosyne nycteis,1596,1,Chlosyne nycteis
195,Chlosyne palla,316,1,Chlosyne palla
196,Chlosyne rosita,11,1,Chlosyne rosita
197,Chlosyne theona,107,1,Chlosyne theona
198,Chlosyne whitneyi,11,1,Chlosyne whitneyi
199,Codatractus arizonensis,57,1,Codatractus arizonensis
200,Codatractus mysie,7,1,Codatractus mysie
201,Coenonympha,1,0,Coenonympha
202,Coenonympha haydenii,44,1,Coenonympha haydenii
203,Coenonympha tullia,1051,1,Coenonympha tullia
204,Coenonympha tullia ampelos,39,2,Coenonympha tullia
205,Coenonympha tullia california,235,2,Coenonympha tullia
206,Coenonympha tullia inornata,295,2,Coenonympha tullia
207,Coenonympha tullia ochracea,86,2,Coenonympha tullia
208,Cogia caicus,42,1,Cogia caicus
209,Cogia calchas,9,1,Cogia calchas
210,Cogia hippalus,99,1,Cogia hippalus
211,Cogia outis,2,1,Cogia outis
212,Coliadinae,356,0,Coliadinae
213,Colias,311,0,Colias
214,Colias alexandra,224,1,Colias alexandra
215,Colias alexandra harfordii,41,2,Colias alexandra
216,Colias behrii,6,1,Colias behrii
217,Colias canadensis,1,1,Colias canadensis
218,Colias cesonia,716,1,Colias cesonia
219,Colias christina,47,1,Colias christina
220,Colias eurydice,104,1,Colias eurydice
221,Colias eurytheme,5681,1,Colias eurytheme
222,Colias gigantea,13,1,Colias gigantea
223,Colias interior,379,1,Colias interior
224,Colias meadii,12,1,Colias meadii
225,Colias nastes,5,1,Colias nastes
226,Colias occidentalis,68,1,Colias occidentalis
227,Colias palaeno,3,1,Colias palaeno
228,Colias pelidne,20,1,Colias pelidne
229,Colias philodice,4819,1,Colias philodice
230,Colias philodice/eurytheme,4,1,Colias philodice/eurytheme
231,Colias scudderi,7,1,Colias scudderi
232,Copaeodes aurantiacus,350,1,Copaeodes aurantiacus
233,Copaeodes minimus,1064,1,Copaeodes minimus
234,Cyanophrys herodotus,2,1,Cyanophrys herodotus
235,Cyanophrys longula,1,1,Cyanophrys longula
236,Cyllopsis,1,0,Cyllopsis
237,Cyllopsis gemma,812,1,Cyllopsis gemma
238,Cyllopsis pertepida,37,1,Cyllopsis pertepida
239,Cyllopsis pyracmon,55,1,Cyllopsis pyracmon
240,Cymaenes odilia,37,1,Cymaenes odilia
241,Cymaenes tripunctus,173,1,Cymaenes tripunctus
242,Danaus,22,0,Danaus
243,Danaus eresimus,190,1,Danaus eresimus
244,Danaus gilippus,1322,1,Danaus gilippus
245,Danaus plexippus,5932,1,Danaus plexippus
246,Decinea percosius,2,1,Decinea percosius
247,Dione juno,2,1,Dione juno
248,Dione moneta,11,1,Dione moneta
249,Doxocopa laure,10,1,Doxocopa laure
250,Doxocopa pavon,1,1,Doxocopa pavon
251,Dryas iulia,305,1,Dryas iulia
252,Dymasia dymas,114,1,Dymasia dymas
253,Dynamine dyonis,2,1,Dynamine dyonis
254,Elbella scylla,1,1,Elbella scylla
255,Electrostrymon,1,0,Electrostrymon
256,Electrostrymon angelia,123,1,Electrostrymon angelia
257,Electrostrymon guzanta,1,1,Electrostrymon guzanta
258,Electrostrymon mathewi,3,1,Electrostrymon mathewi
259,Emesis ares,26,1,Emesis ares
260,Emesis emesia,5,1,Emesis emesia
261,Emesis tenedia,5,1,Emesis tenedia
262,Emesis zela,55,1,Emesis zela
263,Enodia,55,0,Enodia
264,Enodia anthedon,2474,1,Enodia anthedon
265,Enodia creola,245,1,Enodia creola
266,Enodia portlandia,472,1,Enodia portlandia
267,Epargyreus,1,0,Epargyreus
268,Epargyreus clarus,5007,1,Epargyreus clarus
269,Epargyreus socus,7,1,Epargyreus socus
270,Epargyreus zestos,2,1,Epargyreus zestos
271,Ephyriades brunneus,62,1,Ephyriades brunneus
272,Epiphile adrasta,3,1,Epiphile adrasta
273,Erebia,11,0,Erebia
274,Erebia callias,6,1,Erebia callias
275,Erebia dabanensis,1,1,Erebia dabanensis
276,Erebia disa,4,1,Erebia disa
277,Erebia discoidalis,10,1,Erebia discoidalis
278,Erebia epipsodea,217,1,Erebia epipsodea
279,Erebia magdalena,2,1,Erebia magdalena
280,Erebia mancinus,4,1,Erebia mancinus
281,Erebia occulta,1,1,Erebia occulta
282,Erebia rossii,1,1,Erebia rossii
283,Erebia theano,7,1,Erebia theano
284,Eresia phillyra,2,1,Eresia phillyra
285,Erora laeta,8,1,Erora laeta
286,Erora quaderna,43,1,Erora quaderna
287,Erynnis,380,0,Erynnis
288,Erynnis afranius,48,1,Erynnis afranius
289,Erynnis baptisiae,1827,1,Erynnis baptisiae
290,Erynnis brizo,73,1,Erynnis brizo
291,Erynnis funeralis,697,1,Erynnis funeralis
292,Erynnis horatius,2964,1,Erynnis horatius
293,Erynnis icelus,312,1,Erynnis icelus
294,Erynnis juvenalis,360,1,Erynnis juvenalis
295,Erynnis juvenalis clitus,2,2,Erynnis juvenalis
296,Erynnis lucilius,86,1,Erynnis lucilius
297,Erynnis martialis,64,1,Erynnis martialis
298,Erynnis meridianus,30,1,Erynnis meridianus
299,Erynnis pacuvius,248,1,Erynnis pacuvius
300,Erynnis persius,252,1,Erynnis persius
301,Erynnis propertius,228,1,Erynnis propertius
302,Erynnis scudderi,4,1,Erynnis scudderi
303,Erynnis telemachus,22,1,Erynnis telemachus
304,Erynnis tristis,390,1,Erynnis tristis
305,Erynnis zarucco,712,1,Erynnis zarucco
306,Euchloe,1,0,Euchloe
307,Euchloe ausonides,197,1,Euchloe ausonides
308,Euchloe creusa,4,1,Euchloe creusa
309,Euchloe hyantis,14,1,Euchloe hyantis
310,Euchloe hyantis hyantis,23,2,Euchloe hyantis
311,Euchloe hyantis lotta,17,2,Euchloe hyantis
312,Euchloe olympia,26,1,Euchloe olympia
313,Eumaeus atala,123,1,Eumaeus atala
314,Eumaeus childrenae,2,1,Eumaeus childrenae
315,Eunica monima,23,1,Eunica monima
316,Eunica tatila,20,1,Eunica tatila
317,Euphilotes,6,0,Euphilotes
318,Euphilotes battoides,197,1,Euphilotes battoides
319,Euphilotes battoides allyni,16,2,Euphilotes battoides
320,Euphilotes battoides bernardino,111,2,Euphilotes battoides
321,Euphilotes battoides intermedia,5,2,Euphilotes battoides
322,Euphilotes enoptes,281,1,Euphilotes enoptes
323,Euphilotes enoptes ancilla,23,2,Euphilotes enoptes
324,Euphilotes enoptes enoptes,1,2,Euphilotes enoptes
325,Euphilotes enoptes mojave,12,2,Euphilotes enoptes
326,Euphilotes rita,6,1,Euphilotes rita
327,Euphilotes spaldingi,2,1,Euphilotes spaldingi
328,Euphydryas,9,0,Euphydryas
329,Euphydryas chalcedona,302,1,Euphydryas chalcedona
330,Euphydryas chalcedona anicia,63,2,Euphydryas chalcedona
331,Euphydryas chalcedona chalcedona,108,2,Euphydryas chalcedona
332,Euphydryas chalcedona colon,45,2,Euphydryas chalcedona
333,Euphydryas editha,172,1,Euphydryas editha
334,Euphydryas gillettii,24,1,Euphydryas gillettii
335,Euphydryas phaeton,1113,1,Euphydryas phaeton
336,Euphyes,2,0,Euphyes
337,Euphyes arpa,106,1,Euphyes arpa
338,Euphyes bayensis,2,1,Euphyes bayensis
339,Euphyes berryi,59,1,Euphyes berryi
340,Euphyes bimacula,123,1,Euphyes bimacula
341,Euphyes conspicua,656,1,Euphyes conspicua
342,Euphyes dion,740,1,Euphyes dion
343,Euphyes dukesi,82,1,Euphyes dukesi
344,Euphyes pilatka,117,1,Euphyes pilatka
345,Euphyes vestris,4460,1,Euphyes vestris
346,Euptoieta,1,0,Euptoieta
347,Euptoieta claudia,3033,1,Euptoieta claudia
348,Euptoieta hegesia,41,1,Euptoieta hegesia
349,Eurema,21,0,Eurema
350,Eurema boisduvaliana,13,1,Eurema boisduvaliana
351,Eurema daira,725,1,Eurema daira
352,Eurema dina,43,1,Eurema dina
353,Eurema lisa,2232,1,Eurema lisa
354,Eurema mexicana,204,1,Eurema mexicana
355,Eurema nicippe,2346,1,Eurema nicippe
356,Eurema nise,48,1,Eurema nise
357,Eurema proterpia,72,1,Eurema proterpia
358,Eurytides dioxippus,1,1,Eurytides dioxippus
359,Eurytides marcellus,1403,1,Eurytides marcellus
360,Eurytides philolaus,3,1,Eurytides philolaus
361,Everes,3,0,Everes
362,Everes amyntula,373,1,Everes amyntula
363,Everes comyntas,4626,1,Everes comyntas
364,Feniseca tarquinius,563,1,Feniseca tarquinius
365,Ganyra josephina,15,1,Ganyra josephina
366,Gesta gesta,40,1,Gesta gesta
367,Glaucopsyche lygdamus,667,1,Glaucopsyche lygdamus
368,Glaucopsyche piasus,176,1,Glaucopsyche piasus
369,Gorgythion begga,4,1,Gorgythion begga
370,Grais stigmatica,9,1,Grais stigmatica
371,Gyrocheilus patrobas,9,1,Gyrocheilus patrobas
372,Habrodais grunus,102,1,Habrodais grunus
373,Hamadryas atlantis,1,1,Hamadryas atlantis
374,Hamadryas februa,9,1,Hamadryas februa
375,Hamadryas guatemalena,1,1,Hamadryas guatemalena
376,Heliconiinae,53,0,Heliconiinae
377,Heliconius charithonia,839,1,Heliconius charithonia
378,Heliconius erato,2,1,Heliconius erato
379,Heliopetes,2,0,Heliopetes
380,Heliopetes domicella,17,1,Heliopetes domicella
381,Heliopetes ericetorum,195,1,Heliopetes ericetorum
382,Heliopetes laviana,77,1,Heliopetes laviana
383,Heliopetes macaira,83,1,Heliopetes macaira
384,Heliopetes sublinea,4,1,Heliopetes sublinea
385,Hemiargus ammon,5,1,Hemiargus ammon
386,Hemiargus ceraunus,1149,1,Hemiargus ceraunus
387,Hemiargus isola,707,1,Hemiargus isola
388,Hemiargus thomasi,10,1,Hemiargus thomasi
389,Hermeuptychia sosybius,1897,1,Hermeuptychia sosybius
390,Hesperia,21,0,Hesperia
391,Hesperia attalus,35,1,Hesperia attalus
392,Hesperia columbia,11,1,Hesperia columbia
393,Hesperia comma,266,1,Hesperia comma
394,Hesperia comma assiniboia,5,2,Hesperia comma
395,Hesperia comma colorado,43,2,Hesperia comma
396,Hesperia dacotae,7,1,Hesperia dacotae
397,Hesperia juba,148,1,Hesperia juba
398,Hesperia leonardus,17,1,Hesperia leonardus
399,Hesperia lindseyi,46,1,Hesperia lindseyi
400,Hesperia meskei,20,1,Hesperia meskei
401,Hesperia metea,8,1,Hesperia metea
402,Hesperia miriamae,3,1,Hesperia miriamae
403,Hesperia nevada,42,1,Hesperia nevada
404,Hesperia ottoe,25,1,Hesperia ottoe
405,Hesperia pahaska,70,1,Hesperia pahaska
406,Hesperia sassacus,158,1,Hesperia sassacus
407,Hesperia uncas,30,1,Hesperia uncas
408,Hesperia viridis,32,1,Hesperia viridis
409,Hesperia woodgatei,1,1,Hesperia woodgatei
410,Hesperiidae,686,0,Hesperiidae
411,Hesperiinae,614,0,Hesperiinae
412,Hesperopsis alpheus,27,1,Hesperopsis alpheus
413,Hesperopsis libya,6,1,Hesperopsis libya
414,Heteropterinae,3,0,Heteropterinae
415,Historis acheronta,1,1,Historis acheronta
416,Hylephila phyleus,3138,1,Hylephila phyleus
417,Hypaurotis crysalus,25,1,Hypaurotis crysalus
418,Junonia,13,0,Junonia
419,Junonia coenia,4491,1,Junonia coenia
420,Junonia evarete,185,1,Junonia evarete
421,Junonia genoveva,51,1,Junonia genoveva
422,Junonia genoveva (form nigrosuffusa),41,3,Junonia genoveva
423,Kricogonia lyside,256,1,Kricogonia lyside
424,Lasaia maria,1,1,Lasaia maria
425,Lasaia sula,3,1,Lasaia sula
426,Leptophobia aripa,4,1,Leptophobia aripa
427,Leptotes cassius,610,1,Leptotes cassius
428,Leptotes marina,467,1,Leptotes marina
429,Lerema accius,1751,1,Lerema accius
430,Lerodea arabus,11,1,Lerodea arabus
431,Lerodea dysaules,14,1,Lerodea dysaules
432,Lerodea eufala,1123,1,Lerodea eufala
433,Libytheana carinenta,2046,1,Libytheana carinenta
434,Limenitidinae,2,0,Limenitidinae
435,Limenitis,2,0,Limenitis
436,Limenitis archippus,3940,1,Limenitis archippus
437,Limenitis arthemis,265,1,Limenitis arthemis
438,Limenitis arthemis arthemis,1056,2,Limenitis arthemis
439,Limenitis arthemis artXast,1,2,Limenitis arthemis
440,Limenitis arthemis astyanax,3516,2,Limenitis arthemis
441,Limenitis arthemisXarchippus,1,1,Limenitis arthemisXarchippus
442,Limenitis lorquini,586,1,Limenitis lorquini
443,Limenitis lorquiniXarthemis,1,1,Limenitis lorquiniXarthemis
444,Limenitis weidemeyerii,199,1,Limenitis weidemeyerii
445,Lycaeides,1,0,Lycaeides
446,Lycaeides idas,199,1,Lycaeides idas
447,Lycaeides melissa,514,1,Lycaeides melissa
448,Lycaeides melissa samuelis,93,2,Lycaeides melissa
449,Lycaena,34,0,Lycaena
450,Lycaena arota,131,1,Lycaena arota
451,Lycaena cupreus,64,1,Lycaena cupreus
452,Lycaena dione,159,1,Lycaena dione
453,Lycaena dorcas,100,1,Lycaena dorcas
454,Lycaena editha,151,1,Lycaena editha
455,Lycaena epixanthe,316,1,Lycaena epixanthe
456,Lycaena gorgon,137,1,Lycaena gorgon
457,Lycaena helloides,485,1,Lycaena helloides
458,Lycaena heteronea,211,1,Lycaena heteronea
459,Lycaena hyllus,729,1,Lycaena hyllus
460,Lycaena mariposa,80,1,Lycaena mariposa
461,Lycaena nivalis,154,1,Lycaena nivalis
462,Lycaena phlaeas,1632,1,Lycaena phlaeas
463,Lycaena rubidus,125,1,Lycaena rubidus
464,Lycaena xanthoides,168,1,Lycaena xanthoides
465,Lycaenidae,111,0,Lycaenidae
466,Lycaeninae,33,0,Lycaeninae
467,Marpesia chiron,2,1,Marpesia chiron
468,Marpesia petreus,231,1,Marpesia petreus
469,Megathymus cofaqui,19,1,Megathymus cofaqui
470,Megathymus streckeri,4,1,Megathymus streckeri
471,Megathymus ursus,6,1,Megathymus ursus
472,Megathymus yuccae,16,1,Megathymus yuccae
473,Megisto cymela,3208,1,Megisto cymela
474,Megisto rubricata,124,1,Megisto rubricata
475,Melanis pixe,20,1,Melanis pixe
476,Mestra amymone,105,1,Mestra amymone
477,Microtia elva,25,1,Microtia elva
478,Ministrymon azia,20,1,Ministrymon azia
479,Ministrymon clytie,34,1,Ministrymon clytie
480,Ministrymon leda,76,1,Ministrymon leda
481,Morpho polyphemus,1,1,Morpho polyphemus
482,Myscelia cyananthe,1,1,Myscelia cyananthe
483,Myscelia ethusa,28,1,Myscelia ethusa
484,Nastra,13,0,Nastra
485,Nastra julia,93,1,Nastra julia
486,Nastra lherminier,798,1,Nastra lherminier
487,Nastra neamathla,74,1,Nastra neamathla
488,Nathalis iole,1696,1,Nathalis iole
489,Neominois ridingsii,36,1,Neominois ridingsii
490,Neonympha areolata,183,1,Neonympha areolata
491,Neonympha mitchellii,1,1,Neonympha mitchellii
492,Neophasia menapia,60,1,Neophasia menapia
493,Neophasia terlootii,9,1,Neophasia terlootii
494,Noctuana lactifera,2,1,Noctuana lactifera
495,Notamblyscirtes simius,3,1,Notamblyscirtes simius
496,Nyctelius nyctelius,2,1,Nyctelius nyctelius
497,Nymphalidae,222,0,Nymphalidae
498,Nymphalinae,37,0,Nymphalinae
499,Nymphalis,5,0,Nymphalis
500,Nymphalis antiopa,2784,1,Nymphalis antiopa
501,Nymphalis californica,302,1,Nymphalis californica
502,Nymphalis milberti,773,1,Nymphalis milberti
503,Nymphalis vaualbum,359,1,Nymphalis vaualbum
504,Oarisma edwardsii,31,1,Oarisma edwardsii
505,Oarisma garita,209,1,Oarisma garita
506,Oarisma poweshiek,22,1,Oarisma poweshiek
507,Ochlodes,1,0,Ochlodes
508,Ochlodes agricola,247,1,Ochlodes agricola
509,Ochlodes sylvanoides,216,1,Ochlodes sylvanoides
510,Ochlodes yuma,33,1,Ochlodes yuma
511,Oeneis,9,0,Oeneis
512,Oeneis alberta,4,1,Oeneis alberta
513,Oeneis chryxus,120,1,Oeneis chryxus
514,Oeneis chryxus chryxus,1,2,Oeneis chryxus
515,Oeneis jutta,21,1,Oeneis jutta
516,Oeneis macounii,22,1,Oeneis macounii
517,Oeneis melissa,2,1,Oeneis melissa
518,Oeneis nevadensis,61,1,Oeneis nevadensis
519,Oeneis polixenes,2,1,Oeneis polixenes
520,Oeneis taygete,5,1,Oeneis taygete
521,Oeneis uhleri,58,1,Oeneis uhleri
522,Oligoria maculata,349,1,Oligoria maculata
523,Opsiphanes cassina,1,1,Opsiphanes cassina
524,Panoquina fusina,1,1,Panoquina fusina
525,Panoquina lucas,7,1,Panoquina lucas
526,Panoquina ocola,1004,1,Panoquina ocola
527,Panoquina panoquin,246,1,Panoquina panoquin
528,Panoquina panoquinoides,96,1,Panoquina panoquinoides
529,Panthiades bathildis,1,1,Panthiades bathildis
530,Papilio,187,0,Papilio
531,Papilio anchisiades,11,1,Papilio anchisiades
532,Papilio andraemon,3,1,Papilio andraemon
533,Papilio aristodemus,21,1,Papilio aristodemus
534,Papilio astyalus,2,1,Papilio astyalus
535,Papilio brevicauda,1,1,Papilio brevicauda
536,Papilio canadensis,721,1,Papilio canadensis
537,Papilio cresphontes,2322,1,Papilio cresphontes
538,Papilio erostratus,1,1,Papilio erostratus
539,Papilio eurymedon,616,1,Papilio eurymedon
540,Papilio garamas,2,1,Papilio garamas
541,Papilio glaucus,5114,1,Papilio glaucus
542,Papilio indra,87,1,Papilio indra
543,Papilio machaon,31,1,Papilio machaon
544,Papilio machaon bairdii,9,2,Papilio machaon
545,Papilio machaon oregonius,1,2,Papilio machaon
546,Papilio multicaudata,544,1,Papilio multicaudata
547,Papilio ornythion,14,1,Papilio ornythion
548,Papilio palamedes,1161,1,Papilio palamedes
549,Papilio pharnaces,1,1,Papilio pharnaces
550,Papilio pilumnus,2,1,Papilio pilumnus
551,Papilio polyxenes,4669,1,Papilio polyxenes
552,Papilio polyxenes coloro,1,2,Papilio polyxenes
553,Papilio rutulus,875,1,Papilio rutulus
554,Papilio troilus,3944,1,Papilio troilus
555,Papilio zelicaon,515,1,Papilio zelicaon
556,Papilionidae,18,0,Papilionidae
557,Papilioninae,484,0,Papilioninae
558,Paramacera allyni,13,1,Paramacera allyni
559,Paratrytone snowi,24,1,Paratrytone snowi
560,Parides montezuma,2,1,Parides montezuma
561,Parides photinus,4,1,Parides photinus
562,Parnassius,26,0,Parnassius
563,Parnassius clodius,190,1,Parnassius clodius
564,Parnassius eversmanni,1,1,Parnassius eversmanni
565,Parnassius phoebus,37,1,Parnassius phoebus
566,Parnassius phoebus behrii,4,2,Parnassius phoebus
567,Parnassius phoebus smintheus,127,2,Parnassius phoebus
568,Parrhasius m-album,315,1,Parrhasius m-album
569,Parrhasius moctezuma,3,1,Parrhasius moctezuma
570,Pellicia arina,4,1,Pellicia arina
571,Phaeostrymon alcestis,40,1,Phaeostrymon alcestis
572,Philotes sonorensis,8,1,Philotes sonorensis
573,Phocides pigmalion,191,1,Phocides pigmalion
574,Phocides polybius,17,1,Phocides polybius
575,Phocides urania,5,1,Phocides urania
576,Phoebis,30,0,Phoebis
577,Phoebis agarithe,531,1,Phoebis agarithe
578,Phoebis neleis,26,1,Phoebis neleis
579,Phoebis philea,400,1,Phoebis philea
580,Phoebis sennae,3098,1,Phoebis sennae
581,Phoebis statira,132,1,Phoebis statira
582,Pholisora,2,0,Pholisora
583,Pholisora catullus,1655,1,Pholisora catullus
584,Pholisora mejicana,4,1,Pholisora mejicana
585,Phyciodes,226,0,Phyciodes
586,Phyciodes ardys,1,1,Phyciodes ardys
587,Phyciodes argentea,3,1,Phyciodes argentea
588,Phyciodes batesii,166,1,Phyciodes batesii
589,Phyciodes campestris,542,1,Phyciodes campestris
590,Phyciodes frisia,21,1,Phyciodes frisia
591,Phyciodes mylitta,592,1,Phyciodes mylitta
592,Phyciodes orseis,15,1,Phyciodes orseis
593,Phyciodes pallida,52,1,Phyciodes pallida
594,Phyciodes phaon,1392,1,Phyciodes phaon
595,Phyciodes picta,66,1,Phyciodes picta
596,Phyciodes selenis,1340,1,Phyciodes selenis
597,Phyciodes texana,309,1,Phyciodes texana
598,Phyciodes texana seminole,2,2,Phyciodes texana
599,Phyciodes tharos,5627,1,Phyciodes tharos
600,Phyciodes tulcis,21,1,Phyciodes tulcis
601,Phyciodes vesta,141,1,Phyciodes vesta
602,Pieridae,117,0,Pieridae
603,Pierinae,400,0,Pierinae
604,Pieris,121,0,Pieris
605,Pieris napi,469,1,Pieris napi
606,Pieris napi marginalis,136,2,Pieris napi
607,Pieris napi oleracea,126,2,Pieris napi
608,Pieris rapae,5687,1,Pieris rapae
609,Pieris virginiensis,8,1,Pieris virginiensis
610,Piruna ajijiciensis,1,1,Piruna ajijiciensis
611,Piruna cingo,35,1,Piruna cingo
612,Piruna microstictus,1,1,Piruna microstictus
613,Piruna penaea,3,1,Piruna penaea
614,Piruna pirus,70,1,Piruna pirus
615,Piruna polingi,24,1,Piruna polingi
616,Plebejus,15,0,Plebejus
617,Plebejus acmon,755,1,Plebejus acmon
618,Plebejus emigdionis,10,1,Plebejus emigdionis
619,Plebejus icarioides,536,1,Plebejus icarioides
620,Plebejus icarioides missionensis,1,2,Plebejus icarioides
621,Plebejus lupini,164,1,Plebejus lupini
622,Plebejus neurona,15,1,Plebejus neurona
623,Plebejus saepiolus,519,1,Plebejus saepiolus
624,Plebejus shasta,39,1,Plebejus shasta
625,Poanes,3,0,Poanes
626,Poanes aaroni,135,1,Poanes aaroni
627,Poanes hobomok,1085,1,Poanes hobomok
628,Poanes massasoit,670,1,Poanes massasoit
629,Poanes melane,231,1,Poanes melane
630,Poanes taxiles,144,1,Poanes taxiles
631,Poanes viator,907,1,Poanes viator
632,Poanes yehl,145,1,Poanes yehl
633,Poanes zabulon,1244,1,Poanes zabulon
634,Poladryas arachne,42,1,Poladryas arachne
635,Polites,12,0,Polites
636,Polites baracoa,90,1,Polites baracoa
637,Polites carus,21,1,Polites carus
638,Polites draco,51,1,Polites draco
639,Polites mystic,1338,1,Polites mystic
640,Polites origenes,1590,1,Polites origenes
641,Polites peckius,2089,1,Polites peckius
642,Polites rhesus,1,1,Polites rhesus
643,Polites sabuleti,169,1,Polites sabuleti
644,Polites sonora,171,1,Polites sonora
645,Polites themistocles,2490,1,Polites themistocles
646,Polites vibex,1264,1,Polites vibex
647,Polyctor enops,1,1,Polyctor enops
648,Polygonia,582,0,Polygonia
649,Polygonia comma,2839,1,Polygonia comma
650,Polygonia faunus,216,1,Polygonia faunus
651,Polygonia gracilis,198,1,Polygonia gracilis
652,Polygonia gracilis zephyrus,108,2,Polygonia gracilis
653,Polygonia interrogationis,3743,1,Polygonia interrogationis
654,Polygonia oreas,36,1,Polygonia oreas
655,Polygonia progne,662,1,Polygonia progne
656,Polygonia satyrus,428,1,Polygonia satyrus
657,Polygonus leo,132,1,Polygonus leo
658,Polyommatinae,670,0,Polyommatinae
659,Pompeius verna,2591,1,Pompeius verna
660,Pontia,19,0,Pontia
661,Pontia beckerii,269,1,Pontia beckerii
662,Pontia occidentalis,376,1,Pontia occidentalis
663,Pontia protodice,1701,1,Pontia protodice
664,Pontia sisymbrii,82,1,Pontia sisymbrii
665,Problema,1,0,Problema
666,Problema bulenta,59,1,Problema bulenta
667,Problema byssus,295,1,Problema byssus
668,Proteides mercurius,1,1,Proteides mercurius
669,Pseudocopaeodes eunus,8,1,Pseudocopaeodes eunus
670,Pyrginae,80,0,Pyrginae
671,Pyrgus,1040,0,Pyrgus
672,Pyrgus albescens,164,1,Pyrgus albescens
673,Pyrgus centaureae,10,1,Pyrgus centaureae
674,Pyrgus communis,2121,1,Pyrgus communis
675,Pyrgus oileus,1204,1,Pyrgus oileus
676,Pyrgus philetas,141,1,Pyrgus philetas
677,Pyrgus ruralis,79,1,Pyrgus ruralis
678,Pyrgus scriptura,60,1,Pyrgus scriptura
679,Pyrgus xanthus,4,1,Pyrgus xanthus
680,Pyrrhopyge araxes,44,1,Pyrrhopyge araxes
681,Quasimellana eulogius,25,1,Quasimellana eulogius
682,Quinta cannae,1,1,Quinta cannae
683,Rekoa marius,5,1,Rekoa marius
684,Remella,3,0,Remella
685,Remella remus,2,1,Remella remus
686,Remella rita,3,1,Remella rita
687,Rhinthon osca,1,1,Rhinthon osca
688,Riodinidae,3,0,Riodinidae
689,Satyrinae,129,0,Satyrinae
690,Satyrium,82,0,Satyrium
691,Satyrium acadica,596,1,Satyrium acadica
692,Satyrium auretorum,57,1,Satyrium auretorum
693,Satyrium behrii,156,1,Satyrium behrii
694,Satyrium calanus,1957,1,Satyrium calanus
695,Satyrium californica,247,1,Satyrium californica
696,Satyrium caryaevorum,455,1,Satyrium caryaevorum
697,Satyrium edwardsii,618,1,Satyrium edwardsii
698,Satyrium favonius,30,1,Satyrium favonius
699,Satyrium favonius favonius,66,2,Satyrium favonius
700,Satyrium favonius ontario,39,2,Satyrium favonius
701,Satyrium fuliginosa,74,1,Satyrium fuliginosa
702,Satyrium kingi,27,1,Satyrium kingi
703,Satyrium liparops,992,1,Satyrium liparops
704,Satyrium polingi,2,1,Satyrium polingi
705,Satyrium saepium,282,1,Satyrium saepium
706,Satyrium sylvinus,216,1,Satyrium sylvinus
707,Satyrium tetra,103,1,Satyrium tetra
708,Satyrium titus,1622,1,Satyrium titus
709,Satyrodes,54,0,Satyrodes
710,Satyrodes appalachia,1675,1,Satyrodes appalachia
711,Satyrodes eurydice,1508,1,Satyrodes eurydice
712,Siproeta stelenes,61,1,Siproeta stelenes
713,Smyrna blomfildia,1,1,Smyrna blomfildia
714,Sostrata bifasciata,1,1,Sostrata bifasciata
715,Spathilepia clonius,4,1,Spathilepia clonius
716,Speyeria,601,0,Speyeria
717,Speyeria adiaste,16,1,Speyeria adiaste
718,Speyeria aphrodite,1218,1,Speyeria aphrodite
719,Speyeria atlantis,631,1,Speyeria atlantis
720,Speyeria atlantis atlantis,66,2,Speyeria atlantis
721,Speyeria atlantis hesperis,254,2,Speyeria atlantis
722,Speyeria callippe,419,1,Speyeria callippe
723,Speyeria coronis,276,1,Speyeria coronis
724,Speyeria cybele,4182,1,Speyeria cybele
725,Speyeria cybele leto,4,2,Speyeria cybele
726,Speyeria diana,193,1,Speyeria diana
727,Speyeria edwardsii,52,1,Speyeria edwardsii
728,Speyeria egleis,148,1,Speyeria egleis
729,Speyeria hydaspe,213,1,Speyeria hydaspe
730,Speyeria idalia,184,1,Speyeria idalia
731,Speyeria mormonia,174,1,Speyeria mormonia
732,Speyeria nokomis,4,1,Speyeria nokomis
733,Speyeria zerene,243,1,Speyeria zerene
734,Staphylus,5,0,Staphylus
735,Staphylus ceos,105,1,Staphylus ceos
736,Staphylus hayhurstii,345,1,Staphylus hayhurstii
737,Staphylus mazans,45,1,Staphylus mazans
738,Staphylus tierra,1,1,Staphylus tierra
739,Strymon,3,0,Strymon
740,Strymon acis,36,1,Strymon acis
741,Strymon albata,2,1,Strymon albata
742,Strymon alea,2,1,Strymon alea
743,Strymon bazochii,16,1,Strymon bazochii
744,Strymon istapa,264,1,Strymon istapa
745,Strymon martialis,43,1,Strymon martialis
746,Strymon melinus,3999,1,Strymon melinus
747,Strymon rufofusca,2,1,Strymon rufofusca
748,Systasea pulverulenta,63,1,Systasea pulverulenta
749,Systasea zampa,82,1,Systasea zampa
750,Texola elada,154,1,Texola elada
751,Theclinae,108,0,Theclinae
752,Thorybes,31,0,Thorybes
753,Thorybes bathyllus,1333,1,Thorybes bathyllus
754,Thorybes confusis,272,1,Thorybes confusis
755,Thorybes drusius,57,1,Thorybes drusius
756,Thorybes mexicanus,76,1,Thorybes mexicanus
757,Thorybes pylades,1984,1,Thorybes pylades
758,Thymelicus lineola,2018,1,Thymelicus lineola
759,Timochares ruptifasciatus,25,1,Timochares ruptifasciatus
760,Urbanus,21,0,Urbanus
761,Urbanus belli,1,1,Urbanus belli
762,Urbanus dorantes,431,1,Urbanus dorantes
763,Urbanus doryssus,3,1,Urbanus doryssus
764,Urbanus procne,48,1,Urbanus procne
765,Urbanus proteus,892,1,Urbanus proteus
766,Urbanus simplicius,1,1,Urbanus simplicius
767,Urbanus teleus,12,1,Urbanus teleus
768,Vacciniina optilete,6,1,Vacciniina optilete
769,Vanessa,241,0,Vanessa
770,Vanessa annabella,323,1,Vanessa annabella
771,Vanessa atalanta,5055,1,Vanessa atalanta
772,Vanessa cardui,2990,1,Vanessa cardui
773,Vanessa virginiensis,4113,1,Vanessa virginiensis
774,Vidius perigenes,1,1,Vidius perigenes
775,Wallengrenia,7,0,Wallengrenia
776,Wallengrenia egeremet,2699,1,Wallengrenia egeremet
777,Wallengrenia otho,1065,1,Wallengrenia otho
778,Zera hyacinthinus,2,1,Zera hyacinthinus
779,Zestusa dorus,13,1,Zestusa dorus
780,Zizula cyna,15,1,Zizula cyna
